community_name,price,community_url,total_members
"That Pickleball School","$39/month","https://www.skool.com/thatpickleballschool?ref=009cad01267c4da0ac6862ad898ae902","1300"
"AI Automation Society","Free","https://www.skool.com/ai-automation-society?ref=009cad01267c4da0ac6862ad898ae902","211900"
"Calligraphy Skool","$9/month","https://www.skool.com/calligraphy?ref=009cad01267c4da0ac6862ad898ae902","1200"
"Ina's Dance Academy","$99/month","https://www.skool.com/inasdanceacademy?ref=009cad01267c4da0ac6862ad898ae902","464"
"Skoolers","Free","https://www.skool.com/skoolers?ref=009cad01267c4da0ac6862ad898ae902","182500"
"The Lady Change","$49/month","https://www.skool.com/theladychange?ref=009cad01267c4da0ac6862ad898ae902","1200"
"The Aspinall Way","Free","https://www.skool.com/theaspinallway?ref=009cad01267c4da0ac6862ad898ae902","25100"
"Zero To Founder by Tom Bilyeu","$119/month","https://www.skool.com/tom-bilyeu?ref=009cad01267c4da0ac6862ad898ae902","2200"
"Day by Day Wellness Club","Free","https://www.skool.com/daybydayclub?ref=009cad01267c4da0ac6862ad898ae902","61200"
"Unison Producer Growth Hub","Free","https://www.skool.com/unison-producer-growth-hub?ref=009cad01267c4da0ac6862ad898ae902","40300"
"The Acting Lab","$199/month","https://www.skool.com/the-acting-lab?ref=009cad01267c4da0ac6862ad898ae902","190"
"School of Mentors","$29/month","https://www.skool.com/schoolofmentors?ref=009cad01267c4da0ac6862ad898ae902","6200"
"Pocket Singers FREE","Free","https://www.skool.com/pocketsingersfree?ref=009cad01267c4da0ac6862ad898ae902","14200"
"Dating With Gracie","$6,000/year","https://www.skool.com/dating?ref=009cad01267c4da0ac6862ad898ae902","92"
"The Screen Time Adventure","$21/month","https://www.skool.com/adventure?ref=009cad01267c4da0ac6862ad898ae902","329"
"TFW Global","$35/month","https://www.skool.com/trading-for-women?ref=009cad01267c4da0ac6862ad898ae902","3200"
"ACQ Scale Advisory","Free","https://www.skool.com/acq?ref=009cad01267c4da0ac6862ad898ae902","1000"
"Bourbonado Community","Free","https://www.skool.com/bourbonado?ref=009cad01267c4da0ac6862ad898ae902","1800"
"The Kingdom Lounge","Free","https://www.skool.com/the-kingdom-lounge?ref=009cad01267c4da0ac6862ad898ae902","3200"
"Mikey's Money House","$8/month","https://www.skool.com/mikeysmoneyhouse?ref=009cad01267c4da0ac6862ad898ae902","4300"
"Brotherhood Of Scent","Free","https://www.skool.com/bos?ref=009cad01267c4da0ac6862ad898ae902","9600"
"Kickstarter Challenge","Free","https://www.skool.com/lwp-kickstarter?ref=009cad01267c4da0ac6862ad898ae902","23900"
"𝙂𝙊𝙊𝙎𝙄𝙁𝙔 🍓🐛🦋🌈⭐️🩷","Free","https://www.skool.com/goosify?ref=009cad01267c4da0ac6862ad898ae902","8500"
"4biddenknowledge Academy","$55/month","https://www.skool.com/4biddenknowledge?ref=009cad01267c4da0ac6862ad898ae902","1400"
"Abbew Crew","$17/month","https://www.skool.com/abbewcrew?ref=009cad01267c4da0ac6862ad898ae902","21400"
"Self Inquiry Support Group","Free","https://www.skool.com/sunnysharmasupport?ref=009cad01267c4da0ac6862ad898ae902","6600"
"The AI Advantage","Free","https://www.skool.com/the-ai-advantage?ref=009cad01267c4da0ac6862ad898ae902","65400.00000000001"
"Make $1k-$10k in 30 days","Free","https://www.skool.com/make-1k-5k-in-30-days-8449?ref=009cad01267c4da0ac6862ad898ae902","10500"
"AI Automation Agency Hub","Free","https://www.skool.com/learn-ai?ref=009cad01267c4da0ac6862ad898ae902","275600"
"Life Youniversity","$49/month","https://www.skool.com/lifeyouniversity?ref=009cad01267c4da0ac6862ad898ae902","42"
"Free Skool Course","Free","https://www.skool.com/free-course?ref=009cad01267c4da0ac6862ad898ae902","10800"
"ANIME SHREDS - THE DOJO","$297/year","https://www.skool.com/animeshreds?ref=009cad01267c4da0ac6862ad898ae902","2400"
"AI Automation (A-Z)","Free","https://www.skool.com/freegroup?ref=009cad01267c4da0ac6862ad898ae902","119100"
"Lion Mode Club","$69/month","https://www.skool.com/lmc?ref=009cad01267c4da0ac6862ad898ae902","2100"
"Franzese Family","$20/month","https://www.skool.com/franzese-family?ref=009cad01267c4da0ac6862ad898ae902","836"
"Pink Print Prep Skool™ (P3)","$1","https://www.skool.com/pink-print-prep-skool-p3?ref=009cad01267c4da0ac6862ad898ae902","1100"
"Real Men Real Style Community","Free","https://www.skool.com/rmrs?ref=009cad01267c4da0ac6862ad898ae902","13900"
"Imperium Academy™","Free","https://www.skool.com/academy?ref=009cad01267c4da0ac6862ad898ae902","32900"
"Di-Maccio Art Academy","Free","https://www.skool.com/di-maccio-art-academy-free?ref=009cad01267c4da0ac6862ad898ae902","4100"
"Photography Academy PRIME","$47/month","https://www.skool.com/photographyacademyprime?ref=009cad01267c4da0ac6862ad898ae902","563"
"Reality Revolution","$57/month","https://www.skool.com/realityrevolution?ref=009cad01267c4da0ac6862ad898ae902","786"
"Business & Grant Community","$47/month","https://www.skool.com/business-and-grant-mentorship-9581?ref=009cad01267c4da0ac6862ad898ae902","4600"
"The Shining Stars Community","$1/month","https://www.skool.com/shiningstarscommunity?ref=009cad01267c4da0ac6862ad898ae902","5200"
"Maker School","$184/month","https://www.skool.com/makerschool?ref=009cad01267c4da0ac6862ad898ae902","2300"
"AI Content Creators","$5/month","https://www.skool.com/ai-content-creators-7093?ref=009cad01267c4da0ac6862ad898ae902","3200"
"⭕️ Círculo de Crecimiento","$40/month","https://www.skool.com/circulodecrecimiento?ref=009cad01267c4da0ac6862ad898ae902","1200"
"Unlimited Wisdom","Free","https://www.skool.com/unlimitedwisdom?ref=009cad01267c4da0ac6862ad898ae902","876"
"Player Accelerator","$397/year","https://www.skool.com/zth-champions-club?ref=009cad01267c4da0ac6862ad898ae902","4900"
"Community Creators Club","Free","https://www.skool.com/actiontaker?ref=009cad01267c4da0ac6862ad898ae902","6200"
"Bulletproof Cycling Club","$99/month","https://www.skool.com/bulletproof?ref=009cad01267c4da0ac6862ad898ae902","823"
"ETERNAL LIFE TRIBE","$55/month","https://www.skool.com/eternallifetribe?ref=009cad01267c4da0ac6862ad898ae902","2800"
"KubeCraft Career Accelerator","$4,800/year","https://www.skool.com/kubecraft?ref=009cad01267c4da0ac6862ad898ae902","825"
"Watch Lover | Community","Free","https://www.skool.com/watch-lover?ref=009cad01267c4da0ac6862ad898ae902","2600"
"Studio Era Society","Free","https://www.skool.com/studio-era?ref=009cad01267c4da0ac6862ad898ae902","5900"
"The Skool Hub","Free","https://www.skool.com/theskoolhub?ref=009cad01267c4da0ac6862ad898ae902","2900"
"Wholesaling Real Estate","Free","https://www.skool.com/wholesaling?ref=009cad01267c4da0ac6862ad898ae902","60500"
"Synthesizer","Free","https://www.skool.com/synthesizer?ref=009cad01267c4da0ac6862ad898ae902","33300"
"Total Goalkeeping","Free","https://www.skool.com/goalkeeper?ref=009cad01267c4da0ac6862ad898ae902","6600"
"Story Hacker Silver","$7","https://www.skool.com/story-hacker-silver?ref=009cad01267c4da0ac6862ad898ae902","7400"
"Magical Transformations","$23/month","https://www.skool.com/magical-transformations?ref=009cad01267c4da0ac6862ad898ae902","631"
"Grow With Evelyn","$33/month","https://www.skool.com/evelyn?ref=009cad01267c4da0ac6862ad898ae902","2300"
"The Grim Circle","$39/month","https://www.skool.com/grim?ref=009cad01267c4da0ac6862ad898ae902","1100"
"Skate Life","Free","https://www.skool.com/skate?ref=009cad01267c4da0ac6862ad898ae902","11900"
"SWC 2.0 The Level Up","Free","https://www.skool.com/swc-20-the-level-up-2554?ref=009cad01267c4da0ac6862ad898ae902","21400"
"YouTube Basics","$297","https://www.skool.com/youtubebasics?ref=009cad01267c4da0ac6862ad898ae902","361"
"The FitMama Club","$97/month","https://www.skool.com/fitmama-club?ref=009cad01267c4da0ac6862ad898ae902","139"
"The Way Of The Surfer","$29/month","https://www.skool.com/thewayofthesurfer?ref=009cad01267c4da0ac6862ad898ae902","49"
"Creator Profits","Free","https://www.skool.com/creatorprofits?ref=009cad01267c4da0ac6862ad898ae902","16200"
"Ecom Excellence Hub","$97/month","https://www.skool.com/excellencehub?ref=009cad01267c4da0ac6862ad898ae902","1100"
"Reinillonarias Club","$32/month","https://www.skool.com/reinillonariasmembership?ref=009cad01267c4da0ac6862ad898ae902","384"
"SAT Prep","Free","https://www.skool.com/sat?ref=009cad01267c4da0ac6862ad898ae902","15000"
"The NO BS Society! (FREE)","Free","https://www.skool.com/the-no-bs-society-8847?ref=009cad01267c4da0ac6862ad898ae902","671"
"GROUP HOME MASTERY MENTORSHIP","$5,000","https://www.skool.com/group-home-mastery-mentorship-9418?ref=009cad01267c4da0ac6862ad898ae902","251"
"High Vibe Tribe","Free","https://www.skool.com/highvibetribe?ref=009cad01267c4da0ac6862ad898ae902","78300"
"ABV Society","$10/month","https://www.skool.com/abv-society?ref=009cad01267c4da0ac6862ad898ae902","92"
"AI Cyber Value Creators","Free","https://www.skool.com/ai-cyber-value-creators?ref=009cad01267c4da0ac6862ad898ae902","7600"
"English Paper Piecing Society","$7/month","https://www.skool.com/epp?ref=009cad01267c4da0ac6862ad898ae902","159"
"The Neuro-Coach Method -Gratis","Free","https://www.skool.com/the-neuro-coach-method-free?ref=009cad01267c4da0ac6862ad898ae902","2600"
"PM Mastermind","$27/month","https://www.skool.com/pmp-mastermind-3105?ref=009cad01267c4da0ac6862ad898ae902","1800"
"Camp Nursing School","$19/month","https://www.skool.com/campnursingschool?ref=009cad01267c4da0ac6862ad898ae902","2500"
"Héroes Club ⭐️🟠","$9/month","https://www.skool.com/heroesclub?ref=009cad01267c4da0ac6862ad898ae902","194"
"Commozi","Free","https://www.skool.com/commozi?ref=009cad01267c4da0ac6862ad898ae902","54"
"Tsk Diet ( Premium Community )","$25/month","https://www.skool.com/tsk-diet-premium-community?ref=009cad01267c4da0ac6862ad898ae902","162"
"Money Manifestation Mastermind","$33/month","https://www.skool.com/powerful-manifestor-mastermind?ref=009cad01267c4da0ac6862ad898ae902","81"
"Digital Wealth Academy 3.0","Free","https://www.skool.com/the-digital-wealth-academy-1240?ref=009cad01267c4da0ac6862ad898ae902","132700"
"Exploring Peptides Community","Free","https://www.skool.com/exploring-peptides-community?ref=009cad01267c4da0ac6862ad898ae902","9000"
"AI Automation Society Plus","$94/month","https://www.skool.com/ai-automation-society-plus?ref=009cad01267c4da0ac6862ad898ae902","3100"
"The Cyber Range","$99/month","https://www.skool.com/cyber-range?ref=009cad01267c4da0ac6862ad898ae902","1200"
"Mobility & Injury Prevention","$29/month","https://www.skool.com/movesmethod?ref=009cad01267c4da0ac6862ad898ae902","141500"
"Mark Haughton Manifestation","$49/month","https://www.skool.com/mark-haughton-manifestation-3021?ref=009cad01267c4da0ac6862ad898ae902","516"
"Library of Adonis","$37/month","https://www.skool.com/library-of-adonis?ref=009cad01267c4da0ac6862ad898ae902","2500"
"AI Automations by Jack","$77/month","https://www.skool.com/aiautomationsbyjack?ref=009cad01267c4da0ac6862ad898ae902","1300"
"Story Hacker Gold","Free","https://www.skool.com/story-hacker?ref=009cad01267c4da0ac6862ad898ae902","736"
"Poop Scoop Millionaire™","$69/month","https://www.skool.com/poop-scoop-millionaire?ref=009cad01267c4da0ac6862ad898ae902","780"
"Standin' on Business","Free","https://www.skool.com/standinonbusiness?ref=009cad01267c4da0ac6862ad898ae902","4700"
"Origins","$98/month","https://www.skool.com/origins?ref=009cad01267c4da0ac6862ad898ae902","1000"
"the CLASSIFIEDS","Free","https://www.skool.com/classifieds?ref=009cad01267c4da0ac6862ad898ae902","839"
"Tantra Nectar","Free","https://www.skool.com/tantra-nectar?ref=009cad01267c4da0ac6862ad898ae902","15700"
"The 1550+ Formula","$99/month","https://www.skool.com/satprep?ref=009cad01267c4da0ac6862ad898ae902","256"
"Misión: invertir en bolsa","$28/month","https://www.skool.com/invertirenbolsa?ref=009cad01267c4da0ac6862ad898ae902","903"
"Prepper Academy","Free","https://www.skool.com/prepper-academy-8588?ref=009cad01267c4da0ac6862ad898ae902","2100"
"WinCampaign THRIVE","Free","https://www.skool.com/wincampaignthrive?ref=009cad01267c4da0ac6862ad898ae902","1200"
"BBQ Nation","Free","https://www.skool.com/bbqfr?ref=009cad01267c4da0ac6862ad898ae902","2100"
"✨AWAKEN✨","Free","https://www.skool.com/awakencommunity?ref=009cad01267c4da0ac6862ad898ae902","3500"
"🧘‍♂️Free Kriya Yoga School","Free","https://www.skool.com/the-free-kriya-yoga-school-4754?ref=009cad01267c4da0ac6862ad898ae902","892"
"Sales & Leadership Academy","$97/month","https://www.skool.com/elitesalesuniversity?ref=009cad01267c4da0ac6862ad898ae902","541"
"Let's Master English","Free","https://www.skool.com/lme?ref=009cad01267c4da0ac6862ad898ae902","3200"
"Inversiones para Latinos","$99/month","https://www.skool.com/inversionesparalatinos?ref=009cad01267c4da0ac6862ad898ae902","1400"
"Oscar's Community","$39/month","https://www.skool.com/oscars-community?ref=009cad01267c4da0ac6862ad898ae902","4500"
"🧘‍♂️Kriya Yoga Masterclass","$50/month","https://www.skool.com/kriya-yoga-school-9164?ref=009cad01267c4da0ac6862ad898ae902","91"
"Voice AI Accelerator","Free","https://www.skool.com/voice-ai?ref=009cad01267c4da0ac6862ad898ae902","6700"
"Magnetic Memberships","Free","https://www.skool.com/magneticmemberships?ref=009cad01267c4da0ac6862ad898ae902","3500"
"Selling Online / Prime Mover","Free","https://www.skool.com/prime-mover?ref=009cad01267c4da0ac6862ad898ae902","33600"
"High Achiever Society","Free","https://www.skool.com/highachieversociety?ref=009cad01267c4da0ac6862ad898ae902","5000"
"Wholesailors Academy","$20/month","https://www.skool.com/wholesailors?ref=009cad01267c4da0ac6862ad898ae902","1800"
"Mandarin Blueprint Lite","Free","https://www.skool.com/mandarin-blueprint-free?ref=009cad01267c4da0ac6862ad898ae902","26200"
"New Society","$77/month","https://www.skool.com/new-society?ref=009cad01267c4da0ac6862ad898ae902","401"
"Raw Food Romance","$33/month","https://www.skool.com/raw-food-romance-3420?ref=009cad01267c4da0ac6862ad898ae902","316"
"The Skoolyard 🧃","Free","https://www.skool.com/play?ref=009cad01267c4da0ac6862ad898ae902","314"
"The Movement","$35/month","https://www.skool.com/move?ref=009cad01267c4da0ac6862ad898ae902","903"
"Altcoin Pro University","$97/month","https://www.skool.com/altcoin-pro?ref=009cad01267c4da0ac6862ad898ae902","851"
"Fitrox Academy","$10/month","https://www.skool.com/fitrox?ref=009cad01267c4da0ac6862ad898ae902","604"
"Wonderful World English","Free","https://www.skool.com/wonderful-world-english?ref=009cad01267c4da0ac6862ad898ae902","4700"
"The Freedom Accelerator","Free","https://www.skool.com/master-investor-accelerator-7177?ref=009cad01267c4da0ac6862ad898ae902","1400"
"Alex Curso Gratuito!","Free","https://www.skool.com/alexcursogratis?ref=009cad01267c4da0ac6862ad898ae902","833"
"Photography Skool 📸 🚀","Free","https://www.skool.com/photography-skool-8350?ref=009cad01267c4da0ac6862ad898ae902","281"
"MG Academy","$27/month","https://www.skool.com/mgabondance?ref=009cad01267c4da0ac6862ad898ae902","1100"
"Digital Monetisation Academy","$15/month","https://www.skool.com/digital-monetisation-academy?ref=009cad01267c4da0ac6862ad898ae902","844"
"Generational Revival","Free","https://www.skool.com/generational-revival?ref=009cad01267c4da0ac6862ad898ae902","23900"
"Horizontes IA","$50/month","https://www.skool.com/horizontes-ia-9992?ref=009cad01267c4da0ac6862ad898ae902","584"
"Fit Pro Limitless Alpha's","$20/month","https://www.skool.com/limitless-alphas?ref=009cad01267c4da0ac6862ad898ae902","234"
"CEO Lab (Marketer's Skool)","$77/month","https://www.skool.com/marketers?ref=009cad01267c4da0ac6862ad898ae902","1600"
"Natural Living Club","$3/month","https://www.skool.com/natural-living?ref=009cad01267c4da0ac6862ad898ae902","2700"
"Holistic Product Tester Group","Free","https://www.skool.com/holistic?ref=009cad01267c4da0ac6862ad898ae902","29100"
"The 7-Figure Accelerator","Free","https://www.skool.com/7-figure-accelerator-by-philip-9912?ref=009cad01267c4da0ac6862ad898ae902","7000"
"مجتمع الدكتور محمد المهدي","$38/month","https://www.skool.com/dr-mohammad-al-mahdi?ref=009cad01267c4da0ac6862ad898ae902","78"
"KI Bande - Vibe Marketing ❤️","$29/month","https://www.skool.com/kibande?ref=009cad01267c4da0ac6862ad898ae902","103"
"Houseplant Enthusiasts","Free","https://www.skool.com/plant-enthusiast-6960?ref=009cad01267c4da0ac6862ad898ae902","12700"
"Savage Sisters","$59/month","https://www.skool.com/savagesisters?ref=009cad01267c4da0ac6862ad898ae902","103"
"FÓRMULA 100k","$47/month","https://www.skool.com/formula-100k?ref=009cad01267c4da0ac6862ad898ae902","1400"
"OfferLab","Free","https://www.skool.com/offerlabsecrets?ref=009cad01267c4da0ac6862ad898ae902","9500"
"Very Social Animal","Free","https://www.skool.com/verysocialanimal?ref=009cad01267c4da0ac6862ad898ae902","2400"
"EF Trading Premium","$99/month","https://www.skool.com/ef-trading?ref=009cad01267c4da0ac6862ad898ae902","451"
"Shonen Strength","$67","https://www.skool.com/shonen-strength?ref=009cad01267c4da0ac6862ad898ae902","2400"
"The Content Club","Free","https://www.skool.com/lanakearneysocial?ref=009cad01267c4da0ac6862ad898ae902","1800"
"We Teach League","Free","https://www.skool.com/we-teach-league?ref=009cad01267c4da0ac6862ad898ae902","9800"
"Fund To Freedom","$699/month","https://www.skool.com/fund?ref=009cad01267c4da0ac6862ad898ae902","277"
"Inner Journey School🧘🏼‍♂️","$15/month","https://www.skool.com/inner-journey-school?ref=009cad01267c4da0ac6862ad898ae902","711"
"CoderCo DevOps Academy","$129/month","https://www.skool.com/coderco?ref=009cad01267c4da0ac6862ad898ae902","771"
"Top Chess Community","Free","https://www.skool.com/topchesscommunity?ref=009cad01267c4da0ac6862ad898ae902","18600"
"AI Money Lab","Free","https://www.skool.com/ai-seo-with-julian-goldie-1553?ref=009cad01267c4da0ac6862ad898ae902","39100"
"The Stronger Human","Free","https://www.skool.com/thestrongerhuman?ref=009cad01267c4da0ac6862ad898ae902","24600"
"AI Creator Academy™","Free","https://www.skool.com/aica?ref=009cad01267c4da0ac6862ad898ae902","5800"
"Corbellic Art Studio - Elite","$47/month","https://www.skool.com/corbellicstudio?ref=009cad01267c4da0ac6862ad898ae902","201"
"The Trading Academy","Free","https://www.skool.com/the-trading-academy?ref=009cad01267c4da0ac6862ad898ae902","2500"
"CS2 Improvement Camp","$19/month","https://www.skool.com/cs2improvement?ref=009cad01267c4da0ac6862ad898ae902","689"
"THP Jump Training","Free","https://www.skool.com/thp?ref=009cad01267c4da0ac6862ad898ae902","79800"
"Project Biohacked","Free","https://www.skool.com/projectbiohacked?ref=009cad01267c4da0ac6862ad898ae902","8700"
"Millionaire Mindset","$350/month","https://www.skool.com/mmc?ref=009cad01267c4da0ac6862ad898ae902","1100"
"Vibe Coding Academy","$97/month","https://www.skool.com/vibe-coding-academy?ref=009cad01267c4da0ac6862ad898ae902","78"
"Ai Creators Academy","Free","https://www.skool.com/ai-creators-academy-8093?ref=009cad01267c4da0ac6862ad898ae902","1000"
"Golden Capital Investments","$100/month","https://www.skool.com/golden-capital-investments?ref=009cad01267c4da0ac6862ad898ae902","370"
"Krusade Games 🏰","$300/month","https://www.skool.com/kcc?ref=009cad01267c4da0ac6862ad898ae902","294"
"Marketing to Millions","$226/month","https://www.skool.com/marketing2millions?ref=009cad01267c4da0ac6862ad898ae902","668"
"ITLC","Free","https://www.skool.com/itlc?ref=009cad01267c4da0ac6862ad898ae902","1600"
"Social Confidence Club ⚡","Free","https://www.skool.com/confidence?ref=009cad01267c4da0ac6862ad898ae902","3300"
"Superior Students","Free","https://www.skool.com/study?ref=009cad01267c4da0ac6862ad898ae902","17200"
"Shopify Growth Collective🥂","Free","https://www.skool.com/shopify?ref=009cad01267c4da0ac6862ad898ae902","538"
"LYFTA CLUB","$29/month","https://www.skool.com/lyftaclub?ref=009cad01267c4da0ac6862ad898ae902","1600"
"Masterclass Academy","$9/month","https://www.skool.com/masterclass-academy?ref=009cad01267c4da0ac6862ad898ae902","807"
"(1) Heartfluencer Family ❤️️","Free","https://www.skool.com/successinsider?ref=009cad01267c4da0ac6862ad898ae902","2800"
"BYOB: Bring Your Own Business™","Free","https://www.skool.com/byob-bring-your-own-business?ref=009cad01267c4da0ac6862ad898ae902","379"
"The Bible Journaling Club","Free","https://www.skool.com/the-bible-journaling-club-9543?ref=009cad01267c4da0ac6862ad898ae902","158"
"Kourse (Free)","Free","https://www.skool.com/kourse-free?ref=009cad01267c4da0ac6862ad898ae902","114800"
"LIBERAL CLARITY GROUP","$100/year","https://www.skool.com/liberal-clarity-group?ref=009cad01267c4da0ac6862ad898ae902","278"
"Residual Earners University","$29/month","https://www.skool.com/residual-earners-university?ref=009cad01267c4da0ac6862ad898ae902","423"
"TPE Photography Tribe","$19/month","https://www.skool.com/thephotographiceye?ref=009cad01267c4da0ac6862ad898ae902","252"
"Tattoo Masterclass","$39/month","https://www.skool.com/tattoo-incubator?ref=009cad01267c4da0ac6862ad898ae902","936"
"Manifestation Masterclass","$48/month","https://www.skool.com/thesoundofuniverse?ref=009cad01267c4da0ac6862ad898ae902","1600"
"Frogman Tactical Academy","$30/month","https://www.skool.com/protect?ref=009cad01267c4da0ac6862ad898ae902","289"
"Magical Transformations (Free)","Free","https://www.skool.com/disney-adult-fitness?ref=009cad01267c4da0ac6862ad898ae902","12700"
"Chase AI Community","Free","https://www.skool.com/chase-ai-community?ref=009cad01267c4da0ac6862ad898ae902","28300"
"Your First $5k Club w/ARLAN","$50/year","https://www.skool.com/yourfirst5k?ref=009cad01267c4da0ac6862ad898ae902","2500"
"HAMZA BHM POD KING CLUB 👑","$49/year","https://www.skool.com/hamzabhm?ref=009cad01267c4da0ac6862ad898ae902","2400"
"Sawdust Startups","$59/month","https://www.skool.com/sawduststartups?ref=009cad01267c4da0ac6862ad898ae902","543"
"ABC Academy","Free","https://www.skool.com/abc-academy-3941?ref=009cad01267c4da0ac6862ad898ae902","749"
"Dadland","$3,000/year","https://www.skool.com/dadland-1973?ref=009cad01267c4da0ac6862ad898ae902","84"
"God Tier Ecom","$199/month","https://www.skool.com/godtierecom?ref=009cad01267c4da0ac6862ad898ae902","477"
"Circular Machine Knitting Addi","Free","https://www.skool.com/circular-machine-knitting?ref=009cad01267c4da0ac6862ad898ae902","859"
"The RoboNuggets Community","$97/month","https://www.skool.com/robonuggets?ref=009cad01267c4da0ac6862ad898ae902","1400"
"VoiceOver School","$47/month","https://www.skool.com/voiceoverschool?ref=009cad01267c4da0ac6862ad898ae902","260"
"Team3DAlpha","$10/month","https://www.skool.com/team3dalpha?ref=009cad01267c4da0ac6862ad898ae902","3400"
"MPM Job Hunt - ELITE","$361/month","https://www.skool.com/mpm-unlimited-3396?ref=009cad01267c4da0ac6862ad898ae902","331"
"Her Influence Academy","Free","https://www.skool.com/herinfluenceacademy?ref=009cad01267c4da0ac6862ad898ae902","441"
"ADHD Focus Founders","Free","https://www.skool.com/focus-founders-free?ref=009cad01267c4da0ac6862ad898ae902","894"
"Mogwarts™","$19/month","https://www.skool.com/mogwarts?ref=009cad01267c4da0ac6862ad898ae902","1800"
"Funnel Hackers AI","$17/month","https://www.skool.com/funnel-hackers-ai?ref=009cad01267c4da0ac6862ad898ae902","1300"
"Zen 30 Days English","$10","https://www.skool.com/live-with-english-voi-zen-7710?ref=009cad01267c4da0ac6862ad898ae902","66"
"🪷 Be Your Own Medium","Free","https://www.skool.com/medium?ref=009cad01267c4da0ac6862ad898ae902","328"
"Skool Speedrun (Free)","Free","https://www.skool.com/free?ref=009cad01267c4da0ac6862ad898ae902","11600"
"Official Infinity Hoop","Free","https://www.skool.com/infinity-hoop?ref=009cad01267c4da0ac6862ad898ae902","4600"
"Crypto Collective","$17/month","https://www.skool.com/crypto-collective?ref=009cad01267c4da0ac6862ad898ae902","801"
"Método AIRA","$17/month","https://www.skool.com/metodoaira?ref=009cad01267c4da0ac6862ad898ae902","650"
"Jobsties Academy","$65/month","https://www.skool.com/jobsties-academy?ref=009cad01267c4da0ac6862ad898ae902","212"
"Ventures Fly Co.","Free","https://www.skool.com/ventures-fly-co?ref=009cad01267c4da0ac6862ad898ae902","4500"
"Spiritual Rebels","Free","https://www.skool.com/spiritual-rebels?ref=009cad01267c4da0ac6862ad898ae902","2200"
"Embroidery Legacy Software Hub","Free","https://www.skool.com/embroidery-legacy?ref=009cad01267c4da0ac6862ad898ae902","1600"
"Mentalidad de Fuego","$30/month","https://www.skool.com/mentalidaddefuego?ref=009cad01267c4da0ac6862ad898ae902","248"
"AI Content Creator Community","Free","https://www.skool.com/aicontentcommunity?ref=009cad01267c4da0ac6862ad898ae902","2700"
"GenHQ - Creative AI Education","$97/month","https://www.skool.com/genhq?ref=009cad01267c4da0ac6862ad898ae902","1000"
"Fighters Community","$37/month","https://www.skool.com/fighters-community?ref=009cad01267c4da0ac6862ad898ae902","692"
"Talas Akademija","$70/month","https://www.skool.com/talasakademija?ref=009cad01267c4da0ac6862ad898ae902","1300"
"Supermodel Academy (Beginners)","Free","https://www.skool.com/supermodel-academy-3812?ref=009cad01267c4da0ac6862ad898ae902","6300"
"Daru Strong Club","$12/month","https://www.skool.com/darustrong?ref=009cad01267c4da0ac6862ad898ae902","223"
"WeScale Accelerator","$149/month","https://www.skool.com/wescale?ref=009cad01267c4da0ac6862ad898ae902","656"
"The Black Sheep Community","$97/month","https://www.skool.com/blacksheep-community?ref=009cad01267c4da0ac6862ad898ae902","386"
"Blackthorne Capital","$49/month","https://www.skool.com/blackthornecapital?ref=009cad01267c4da0ac6862ad898ae902","59"
"The Pro Player Pathway","$197","https://www.skool.com/theproplayerpathway?ref=009cad01267c4da0ac6862ad898ae902","184"
"Elite Achievers","$40/month","https://www.skool.com/eliteachievers?ref=009cad01267c4da0ac6862ad898ae902","272"
"The Survival Gardener","$24/month","https://www.skool.com/the-survival-gardener?ref=009cad01267c4da0ac6862ad898ae902","170"
"Embrace the Space","Free","https://www.skool.com/embrace-the-space-7828?ref=009cad01267c4da0ac6862ad898ae902","2800"
"Magdiel Marketing Academy","$40/month","https://www.skool.com/magdielmarketingacademy?ref=009cad01267c4da0ac6862ad898ae902","389"
"AI Design & Grow Experience","$47/month","https://www.skool.com/etsydesignclub?ref=009cad01267c4da0ac6862ad898ae902","1000"
"Magnetic Circle","$97/month","https://www.skool.com/magneticcircle?ref=009cad01267c4da0ac6862ad898ae902","521"
"CyberCircle","Free","https://www.skool.com/cyber?ref=009cad01267c4da0ac6862ad898ae902","83200"
"Ellis Academy","$189/year","https://www.skool.com/ellisacademy?ref=009cad01267c4da0ac6862ad898ae902","318"
"Max Business School™","Free","https://www.skool.com/max-business-school?ref=009cad01267c4da0ac6862ad898ae902","261700"
"Creator Boost Tribe","Free","https://www.skool.com/creatorboost?ref=009cad01267c4da0ac6862ad898ae902","8900"
"AI Business Trailblazers Hive","Free","https://www.skool.com/ai-biz-trailblazers-hive?ref=009cad01267c4da0ac6862ad898ae902","12700"
"AI Automations by Kia","$1/month","https://www.skool.com/ai-automations-by-kia?ref=009cad01267c4da0ac6862ad898ae902","21800"
"Automation Fast Track","Free","https://www.skool.com/automation-fast-track-5794?ref=009cad01267c4da0ac6862ad898ae902","8"
"PEPGANG","Free","https://www.skool.com/pepgang-6864?ref=009cad01267c4da0ac6862ad898ae902","372"
"Cyber Careers Community","Free","https://www.skool.com/cyber-careers-community?ref=009cad01267c4da0ac6862ad898ae902","2700"
"Law of Attraction VIP Academy","$29/month","https://www.skool.com/lawofattraction?ref=009cad01267c4da0ac6862ad898ae902","132"
"Unshakeable Entrepreneurs","Free","https://www.skool.com/selfmastery?ref=009cad01267c4da0ac6862ad898ae902","128"
"Midas Touch ⚡️ Trading","$47/month","https://www.skool.com/the-midas-touch-trading-group-2105?ref=009cad01267c4da0ac6862ad898ae902","917"
"Classy Business Circle","Free","https://www.skool.com/classy-business-circle?ref=009cad01267c4da0ac6862ad898ae902","595"
"She Sells","Free","https://www.skool.com/she-sells-with-brooke?ref=009cad01267c4da0ac6862ad898ae902","1800"
"Make the Damn Video Challenge","Free","https://www.skool.com/tamara-gabriel-4636?ref=009cad01267c4da0ac6862ad898ae902","552"
"52 Week Guitar Player 3.0","$667/month","https://www.skool.com/52weekguitarplayer?ref=009cad01267c4da0ac6862ad898ae902","397"
"Official Founders Club","Free","https://www.skool.com/official-founders-club-9304?ref=009cad01267c4da0ac6862ad898ae902","2400"
"Gamify SAT","Free","https://www.skool.com/gamifysat?ref=009cad01267c4da0ac6862ad898ae902","9600"
"Online Business Friends","$10/month","https://www.skool.com/obf?ref=009cad01267c4da0ac6862ad898ae902","83100"
"Brunettilandia","Free","https://www.skool.com/brunettilandia-3934?ref=009cad01267c4da0ac6862ad898ae902","6900"
"Manifestation Accelerator","$49/month","https://www.skool.com/scotthaugofficial?ref=009cad01267c4da0ac6862ad898ae902","805"
"AI Video Bootcamp","$9/month","https://www.skool.com/aivideobootcamp?ref=009cad01267c4da0ac6862ad898ae902","753"
"Growth Squad Heroes","Free","https://www.skool.com/skool-with-jules-7093?ref=009cad01267c4da0ac6862ad898ae902","129"
"Project Bellplex","$40/month","https://www.skool.com/projectbellplex?ref=009cad01267c4da0ac6862ad898ae902","725"
"Anto Ecom Club","$39/month","https://www.skool.com/antoecomclub?ref=009cad01267c4da0ac6862ad898ae902","1400"
"💕 Connect & Collab ⭐","$7/month","https://www.skool.com/connect?ref=009cad01267c4da0ac6862ad898ae902","307"
"Community MasterClass","$99/month","https://www.skool.com/community-business?ref=009cad01267c4da0ac6862ad898ae902","281"
"Trading Bootcamp","$200/month","https://www.skool.com/trading-bootcamp-2253?ref=009cad01267c4da0ac6862ad898ae902","2000"
"MONETIZA ACADEMY","$50/month","https://www.skool.com/monetizaacademy?ref=009cad01267c4da0ac6862ad898ae902","1200"
"Ecom Edge Accelerator","Free","https://www.skool.com/ecom-edge-1394?ref=009cad01267c4da0ac6862ad898ae902","3000"
"Elite Sales Alliance","Free","https://www.skool.com/elitesalesalliance?ref=009cad01267c4da0ac6862ad898ae902","21900"
"Business Builders Club","Free","https://www.skool.com/bbc?ref=009cad01267c4da0ac6862ad898ae902","520"
"Agency Owners","Free","https://www.skool.com/agencyowners?ref=009cad01267c4da0ac6862ad898ae902","17700"
"VSA Avengers","Free","https://www.skool.com/vsa-avengers?ref=009cad01267c4da0ac6862ad898ae902","128"
"Medical Courier Community","Free","https://www.skool.com/medical-courier-group-5674?ref=009cad01267c4da0ac6862ad898ae902","18900"
"Fast Track Trustee","$19/month","https://www.skool.com/fasttracktrustee?ref=009cad01267c4da0ac6862ad898ae902","368"
"LA TRIBU DJ","$10,000","https://www.skool.com/latribudj?ref=009cad01267c4da0ac6862ad898ae902","171"
"Med & Mr. X Mentorship","$27/month","https://www.skool.com/itsmedait?ref=009cad01267c4da0ac6862ad898ae902","95"
"NeuroSpicy Community","$29/month","https://www.skool.com/neurospicy?ref=009cad01267c4da0ac6862ad898ae902","1400"
"SHARKS","$62/month","https://www.skool.com/sharkecomcommunity?ref=009cad01267c4da0ac6862ad898ae902","873"
"The 1% in AI","$33/month","https://www.skool.com/top1percent?ref=009cad01267c4da0ac6862ad898ae902","792"
"Path to Profits Elite","Free","https://www.skool.com/path-to-profits-elite-5976?ref=009cad01267c4da0ac6862ad898ae902","6200"
"Feminine Energy Academy🌹💍💰","$47/month","https://www.skool.com/feminineenergyacademy?ref=009cad01267c4da0ac6862ad898ae902","382"
"AI Creator Bootcamp","$5/month","https://www.skool.com/aicreatorbootcamp?ref=009cad01267c4da0ac6862ad898ae902","1900"
"EasyGrow 2.0™","Free","https://www.skool.com/easygrow?ref=009cad01267c4da0ac6862ad898ae902","784"
"Skate IQ Team","$9/month","https://www.skool.com/skateiq?ref=009cad01267c4da0ac6862ad898ae902","1000"
"Millionaire Women Collective","Free","https://www.skool.com/millionaire-women-collective-2953?ref=009cad01267c4da0ac6862ad898ae902","9800"
"Path of the Dragon","Free","https://www.skool.com/dragon?ref=009cad01267c4da0ac6862ad898ae902","182"
"Business Synergy Sisterhood","Free","https://www.skool.com/synergy?ref=009cad01267c4da0ac6862ad898ae902","5200"
"Total Reset Coaching","Free","https://www.skool.com/total-reset-coaching?ref=009cad01267c4da0ac6862ad898ae902","56"
"Crap Academy","Free","https://www.skool.com/crap-academy?ref=009cad01267c4da0ac6862ad898ae902","168"
"Davie's Free Ecom Course","Free","https://www.skool.com/davies-free-ecom-course?ref=009cad01267c4da0ac6862ad898ae902","70500"
"Russian Chess School","$29/month","https://www.skool.com/russianchessschool?ref=009cad01267c4da0ac6862ad898ae902","373"
"Nicky Alan Spirit Skool","Free","https://www.skool.com/nicky-alan-spirit-tribe-1111?ref=009cad01267c4da0ac6862ad898ae902","600"
"Prosperity School","$1,497","https://www.skool.com/prosperity-school?ref=009cad01267c4da0ac6862ad898ae902","641"
"Focus Revolution by ADHDVision","Free","https://www.skool.com/focus-revolution?ref=009cad01267c4da0ac6862ad898ae902","1000"
"New Status Nation","$47/month","https://www.skool.com/newstatus?ref=009cad01267c4da0ac6862ad898ae902","74"
"The Submissive Society","$97/month","https://www.skool.com/the-submissive-society?ref=009cad01267c4da0ac6862ad898ae902","204"
"Budgetdog Academy","Free","https://www.skool.com/budgetdog-academy?ref=009cad01267c4da0ac6862ad898ae902","1800"
"🇫🇷 DCA Club FR","Free","https://www.skool.com/dcaclubfr?ref=009cad01267c4da0ac6862ad898ae902","148"
"Ilana's Method","$4,999/year","https://www.skool.com/method?ref=009cad01267c4da0ac6862ad898ae902","828"
"AI Automation Mastery","Free","https://www.skool.com/ai-automation-mastery-group?ref=009cad01267c4da0ac6862ad898ae902","21800"
"The Flock","$15/month","https://www.skool.com/theflock?ref=009cad01267c4da0ac6862ad898ae902","121"
"Marriage Reset Support","Free","https://www.skool.com/marriage-reset-support-5825?ref=009cad01267c4da0ac6862ad898ae902","513"
"FWTLO","Free","https://www.skool.com/fwtlo?ref=009cad01267c4da0ac6862ad898ae902","223"
"Savage Dad Fitness","Free","https://www.skool.com/savage-dads-9017?ref=009cad01267c4da0ac6862ad898ae902","133"
"The Nurse in Progress Club","$27","https://www.skool.com/thenurseinprogressclub?ref=009cad01267c4da0ac6862ad898ae902","778"
"Vix Queenkim Academy","Free","https://www.skool.com/vix-queenkim-academy-8367?ref=009cad01267c4da0ac6862ad898ae902","550"
"Builders by Buildy.ai","Free","https://www.skool.com/buildy?ref=009cad01267c4da0ac6862ad898ae902","2500"
"WeScale (Free)","Free","https://www.skool.com/heckman?ref=009cad01267c4da0ac6862ad898ae902","23100"
"Staking Pro 24","$997","https://www.skool.com/stakingpro24?ref=009cad01267c4da0ac6862ad898ae902","306"
"NeuroImprint™","Free","https://www.skool.com/manifestation-activation?ref=009cad01267c4da0ac6862ad898ae902","8400"
"Make It Viral","Free","https://www.skool.com/makeitviral?ref=009cad01267c4da0ac6862ad898ae902","1300"
"Basterd Crew","$9/month","https://www.skool.com/basterd?ref=009cad01267c4da0ac6862ad898ae902","51"
"Creatopia","$77/month","https://www.skool.com/creatopia?ref=009cad01267c4da0ac6862ad898ae902","506"
"Trinity Code","Free","https://www.skool.com/trinity-code-2714?ref=009cad01267c4da0ac6862ad898ae902","67"
"Sin Miedo A Volar","$59/month","https://www.skool.com/sin-miedo-a-volar?ref=009cad01267c4da0ac6862ad898ae902","227"
"Dijital Girişimcilik Okulu","$999/month","https://www.skool.com/dijital-girisimcilik-okulu?ref=009cad01267c4da0ac6862ad898ae902","482"
"FACEFORWARD AI™","Free","https://www.skool.com/faceforward-ai-9538?ref=009cad01267c4da0ac6862ad898ae902","5200"
"THE FREE WAY MECHANICS","Free","https://www.skool.com/the-free-way-mechanics-4425?ref=009cad01267c4da0ac6862ad898ae902","327"
"Main Way to Wealth","Free","https://www.skool.com/monicamain?ref=009cad01267c4da0ac6862ad898ae902","15900"
"I Am Free University","$99/month","https://www.skool.com/iamfree-7111?ref=009cad01267c4da0ac6862ad898ae902","183"
"Mounjarian Tribe 💜","Free","https://www.skool.com/mounjarian-warriors-8467?ref=009cad01267c4da0ac6862ad898ae902","629"
"Foundations of Ascension","Free","https://www.skool.com/foundations-of-ascension-1699?ref=009cad01267c4da0ac6862ad898ae902","8900"
"AI Profit Boardroom","$49/month","https://www.skool.com/ai-profit-lab-7462?ref=009cad01267c4da0ac6862ad898ae902","1800"
"Level-Up Pro - GCSE Mastery","$48/month","https://www.skool.com/gcse-mental-health-support?ref=009cad01267c4da0ac6862ad898ae902","550"
"Learn and Earn Academy","Free","https://www.skool.com/learn-and-earn-academy-2334?ref=009cad01267c4da0ac6862ad898ae902","534"
"The Founders Club","Free","https://www.skool.com/the-founders-club?ref=009cad01267c4da0ac6862ad898ae902","60700"
"The Human Practice","Free","https://www.skool.com/thehumanpractice?ref=009cad01267c4da0ac6862ad898ae902","173"
"Team Ruff","Free","https://www.skool.com/team-ruff-8631?ref=009cad01267c4da0ac6862ad898ae902","13900"
"The AI Collective","Free","https://www.skool.com/the-collective-9441?ref=009cad01267c4da0ac6862ad898ae902","301"
"True North Aligned","$8/month","https://www.skool.com/true-north-aligned-life?ref=009cad01267c4da0ac6862ad898ae902","167"
"The Garden Creator Hub","Free","https://www.skool.com/the-garden-creator-hub-3162?ref=009cad01267c4da0ac6862ad898ae902","155"
"🎙️ Voice AI Bootcamp","Free","https://www.skool.com/voice-ai-bootcamp?ref=009cad01267c4da0ac6862ad898ae902","7800"
"The Wealth Society","Free","https://www.skool.com/thewealthsociety?ref=009cad01267c4da0ac6862ad898ae902","838"
"SWS Private Community","Free","https://www.skool.com/swas-private-community-1576?ref=009cad01267c4da0ac6862ad898ae902","3000"
"Trading de Índices Sintéticos","Free","https://www.skool.com/indicessinteticoslmc?ref=009cad01267c4da0ac6862ad898ae902","5800"
"The 6-Figure Beauty Society","$25/month","https://www.skool.com/6-figure-beauty-group-4450?ref=009cad01267c4da0ac6862ad898ae902","929"
"Hormone Health Advantage","Free","https://www.skool.com/hormone-health-advantage-4313?ref=009cad01267c4da0ac6862ad898ae902","1300"
"Synthesizer Scaling","$1,700/month","https://www.skool.com/scaler?ref=009cad01267c4da0ac6862ad898ae902","168"
"Communityaufbau (SkooI)","$99/month","https://www.skool.com/communityaufbau?ref=009cad01267c4da0ac6862ad898ae902","537"
"Hustle Games - Philip Johansen","Free","https://www.skool.com/hustlegames?ref=009cad01267c4da0ac6862ad898ae902","24800"
"Brendan's AI Community","Free","https://www.skool.com/brendan?ref=009cad01267c4da0ac6862ad898ae902","22000"
"La TEAM FlashFitHome","$99/month","https://www.skool.com/lateamflashfithome?ref=009cad01267c4da0ac6862ad898ae902","207"
"SHREDDERS UNIVERSITY 2.0","$99/month","https://www.skool.com/shreddersuni2?ref=009cad01267c4da0ac6862ad898ae902","131"
"Magnetic Love Collective","Free","https://www.skool.com/manifestwithmatt?ref=009cad01267c4da0ac6862ad898ae902","179"
"Sync Producer Hub","$67/month","https://www.skool.com/syncproducerhub?ref=009cad01267c4da0ac6862ad898ae902","306"
"Rascals Education Academy","$127/month","https://www.skool.com/rascals-academy?ref=009cad01267c4da0ac6862ad898ae902","380"
"The Angel Raphael Community","Free","https://www.skool.com/the-angel-raphael-community-3421?ref=009cad01267c4da0ac6862ad898ae902","2700"
"Ancient Knowledge Academy","$55/month","https://www.skool.com/ancientknowledgeacademy?ref=009cad01267c4da0ac6862ad898ae902","166"
"3.6.9 Community","$49/month","https://www.skool.com/369community?ref=009cad01267c4da0ac6862ad898ae902","366"
"Kourse","$10,000/year","https://www.skool.com/kourse?ref=009cad01267c4da0ac6862ad898ae902","724"
"AndyNoCode","Free","https://www.skool.com/andynocode?ref=009cad01267c4da0ac6862ad898ae902","26000"
"Piano with Rebecca B","$12/month","https://www.skool.com/pianowithrebeccab?ref=009cad01267c4da0ac6862ad898ae902","256"
"NDS (No Dumb Sh*t)","$597/year","https://www.skool.com/nds-community?ref=009cad01267c4da0ac6862ad898ae902","210"
"AMZ Certification Program","Free","https://www.skool.com/bjku-fba?ref=009cad01267c4da0ac6862ad898ae902","6200"
"Simpli Faceless","$27/month","https://www.skool.com/simpli-faceless?ref=009cad01267c4da0ac6862ad898ae902","1100"
"High Performance Notary","Free","https://www.skool.com/notary?ref=009cad01267c4da0ac6862ad898ae902","1600"
"Win The First 30 Days","Free","https://www.skool.com/wtf?ref=009cad01267c4da0ac6862ad898ae902","843"
"CashFlow LIVE","Free","https://www.skool.com/cashflowlive?ref=009cad01267c4da0ac6862ad898ae902","1000"
"El Arte de Rediseñarte","$25/month","https://www.skool.com/alessandrolucch?ref=009cad01267c4da0ac6862ad898ae902","268"
"Fiel al Plan Club","$10,000/year","https://www.skool.com/fielalplan?ref=009cad01267c4da0ac6862ad898ae902","175"
"The Vault","Free","https://www.skool.com/stocks?ref=009cad01267c4da0ac6862ad898ae902","25000"
"Futuro Digital Pro","$59/month","https://www.skool.com/futuro-digital-pro?ref=009cad01267c4da0ac6862ad898ae902","455"
"Sports Winners Club","$97/month","https://www.skool.com/sba?ref=009cad01267c4da0ac6862ad898ae902","74"
"CFS Recovery Academy","$297/month","https://www.skool.com/cfs-recovery-academy-1859?ref=009cad01267c4da0ac6862ad898ae902","458"
"Software Developer Academy","Free","https://www.skool.com/software-developer-academy-5620?ref=009cad01267c4da0ac6862ad898ae902","26600"
"Casa Palo Mayombe","$349/year","https://www.skool.com/tatanganga?ref=009cad01267c4da0ac6862ad898ae902","294"
"English Immersion Academy","$16/month","https://www.skool.com/english-immersion-academy?ref=009cad01267c4da0ac6862ad898ae902","413"
"Aligned AF Camp","Free","https://www.skool.com/aligned-af-camp?ref=009cad01267c4da0ac6862ad898ae902","4000"
"Pablo Martínez García","Free","https://www.skool.com/pablo-martinez-garcia?ref=009cad01267c4da0ac6862ad898ae902","9400"
"Strategic Traders","$147/month","https://www.skool.com/strategictraders?ref=009cad01267c4da0ac6862ad898ae902","226"
"Key Learners Piano Club","Free","https://www.skool.com/keylearners?ref=009cad01267c4da0ac6862ad898ae902","736"
"AI Freedom Accelerator™","$100/month","https://www.skool.com/digitalfreedommentorship?ref=009cad01267c4da0ac6862ad898ae902","1800"
"Evolution Creator Membership","Free","https://www.skool.com/tiktok-1203?ref=009cad01267c4da0ac6862ad898ae902","5000"
"Evergreen Foundations","Free","https://www.skool.com/evergreen-evolution-6811?ref=009cad01267c4da0ac6862ad898ae902","326"
"1% Club (Elite)","Free","https://www.skool.com/1percentclub?ref=009cad01267c4da0ac6862ad898ae902","478"
"La Tribu Divisual","$10,000/month","https://www.skool.com/la-tribu-divisual?ref=009cad01267c4da0ac6862ad898ae902","1200"
"The Tax Guru University","$3,500","https://www.skool.com/the-tax-guru-university-7043?ref=009cad01267c4da0ac6862ad898ae902","17"
"Skool Growth Free Training Hub","Free","https://www.skool.com/make-money?ref=009cad01267c4da0ac6862ad898ae902","4300"
"Content Engine","$17/month","https://www.skool.com/content-engine?ref=009cad01267c4da0ac6862ad898ae902","246"
"Universidad del Trader","$50/month","https://www.skool.com/universidaddeltrader?ref=009cad01267c4da0ac6862ad898ae902","56"
"REVENUE REVOLUTION","Free","https://www.skool.com/revenuerevolution?ref=009cad01267c4da0ac6862ad898ae902","584"
"Faceless Girl Era","Free","https://www.skool.com/faceless-girl-era-9647?ref=009cad01267c4da0ac6862ad898ae902","3000"
"Ascension University","$44/month","https://www.skool.com/ascensionuniversity?ref=009cad01267c4da0ac6862ad898ae902","485"
"NWM School Mastermind","Free","https://www.skool.com/network-marketing-school-1537?ref=009cad01267c4da0ac6862ad898ae902","428"
"⚽️ The Female Footballers Club","Free","https://www.skool.com/the-female-footballers-club?ref=009cad01267c4da0ac6862ad898ae902","174"
"WAH Vault w/WAHJobQueen™","$9/month","https://www.skool.com/wahjobqueen?ref=009cad01267c4da0ac6862ad898ae902","2500"
"Vende en Redes Sociales","$35/month","https://www.skool.com/vende-en-redes-sociales-3452?ref=009cad01267c4da0ac6862ad898ae902","211"
"The Build Room+","$67/month","https://www.skool.com/buildroom?ref=009cad01267c4da0ac6862ad898ae902","2500"
"Count Me In","Free","https://www.skool.com/count-me-in-opinions-4-money-4436?ref=009cad01267c4da0ac6862ad898ae902","409"
"Kings Hall","$49/month","https://www.skool.com/kings-hall?ref=009cad01267c4da0ac6862ad898ae902","271"
"TOKOS ~ Global Mobility ✈️ 🌎","Free","https://www.skool.com/african-network-5065?ref=009cad01267c4da0ac6862ad898ae902","36100"
"SkoolHers","Free","https://www.skool.com/skoolhers?ref=009cad01267c4da0ac6862ad898ae902","419"
"Printable Sticker Weekend","$27","https://www.skool.com/psw?ref=009cad01267c4da0ac6862ad898ae902","3"
"EcomMastery VIP","$9,999/month","https://www.skool.com/ecommastery-vip?ref=009cad01267c4da0ac6862ad898ae902","148"
"JQool 線上英語學院","Free","https://www.skool.com/jqool-1333?ref=009cad01267c4da0ac6862ad898ae902","5800"
"Harmony","$15/month","https://www.skool.com/harmony?ref=009cad01267c4da0ac6862ad898ae902","11400"
"C.S. Joseph","$29/month","https://www.skool.com/csjoseph?ref=009cad01267c4da0ac6862ad898ae902","283"
"LOUPIOS VIP-MANIFESTATION GANG","$55/month","https://www.skool.com/loupios-vip-manifestation-gang-8566?ref=009cad01267c4da0ac6862ad898ae902","97"
"HolisticAmerican-HealthAcademy","$19/month","https://www.skool.com/holisticamerican?ref=009cad01267c4da0ac6862ad898ae902","3500"
"Affinity Creatives","Free","https://www.skool.com/affinity-photo-creatives-6824?ref=009cad01267c4da0ac6862ad898ae902","2000"
"EDL GALAXY 🌬️","$50/month","https://www.skool.com/edl-galaxy-8898?ref=009cad01267c4da0ac6862ad898ae902","357"
"Early AI-dopters","$59/month","https://www.skool.com/earlyaidopters?ref=009cad01267c4da0ac6862ad898ae902","769"
"The Ecom Wolf Den","$99/month","https://www.skool.com/the-ecom-wolf?ref=009cad01267c4da0ac6862ad898ae902","651"
"Pronounce Korean 🇰🇷","$30/month","https://www.skool.com/pronounce-korean?ref=009cad01267c4da0ac6862ad898ae902","75"
"The Brotherhood™","Free","https://www.skool.com/reclamationprotocol?ref=009cad01267c4da0ac6862ad898ae902","7300"
"Jester","Free","https://www.skool.com/jerky-vids-1288?ref=009cad01267c4da0ac6862ad898ae902","69"
"Amplify Views","Free","https://www.skool.com/amplifyviews?ref=009cad01267c4da0ac6862ad898ae902","27600"
"Incubateur INFLU IA","$47/month","https://www.skool.com/ofm-ia?ref=009cad01267c4da0ac6862ad898ae902","485"
"Vicki Planet - Mystery School","$55/month","https://www.skool.com/mysteryschool?ref=009cad01267c4da0ac6862ad898ae902","244"
"UNDETERRED Entrepreneurs","Free","https://www.skool.com/undeterred-free?ref=009cad01267c4da0ac6862ad898ae902","613"
"So Lead'Her","$65/month","https://www.skool.com/so-leadher?ref=009cad01267c4da0ac6862ad898ae902","637"
"Oracle Boxing","$97/month","https://www.skool.com/boxing?ref=009cad01267c4da0ac6862ad898ae902","207"
"Alpha School","Free","https://www.skool.com/alpha-school-free-7220?ref=009cad01267c4da0ac6862ad898ae902","2400"
"Cortexify🎮","Free","https://www.skool.com/deep-cortex-8963?ref=009cad01267c4da0ac6862ad898ae902","92"
"The Chosen Few","$7/month","https://www.skool.com/thechosenfew?ref=009cad01267c4da0ac6862ad898ae902","262"
"Money Switch by ECOM REAL","$49","https://www.skool.com/ecomreal?ref=009cad01267c4da0ac6862ad898ae902","2800"
"Miss Megan Makeup Revival","$67/month","https://www.skool.com/missmegan?ref=009cad01267c4da0ac6862ad898ae902","140"
"n8n KI Agenten","Free","https://www.skool.com/ki-agenten?ref=009cad01267c4da0ac6862ad898ae902","9500"
"Copy Mastery","Free","https://www.skool.com/copy-mastery-7492?ref=009cad01267c4da0ac6862ad898ae902","2400"
"BELONG","Free","https://www.skool.com/belong?ref=009cad01267c4da0ac6862ad898ae902","299"
"RISE & RENEW with ROSHANNA","$18/month","https://www.skool.com/rise-renew-roshanna?ref=009cad01267c4da0ac6862ad898ae902","35"
"THE PACK","$5/month","https://www.skool.com/pack?ref=009cad01267c4da0ac6862ad898ae902","41"
"Hacksmith’s Peptalk Community","$10/month","https://www.skool.com/hacksmithspeptalk?ref=009cad01267c4da0ac6862ad898ae902","1700"
"House of AI Fashion Production","$9/month","https://www.skool.com/production?ref=009cad01267c4da0ac6862ad898ae902","1600"
"Peter's Academy","Free","https://www.skool.com/petersacademy?ref=009cad01267c4da0ac6862ad898ae902","6700"
"Residual Income for Beginners","Free","https://www.skool.com/cashswipe?ref=009cad01267c4da0ac6862ad898ae902","1300"
"AI Video Creators Community","$9/month","https://www.skool.com/ai-video-creators?ref=009cad01267c4da0ac6862ad898ae902","3200"
"Better Man, Better Marriage","$27/month","https://www.skool.com/bettermen?ref=009cad01267c4da0ac6862ad898ae902","68"
"RECLAIM & REIGN INSTITUTE","Free","https://www.skool.com/reclaim-reign-institute-1661?ref=009cad01267c4da0ac6862ad898ae902","4000"
"Affiliate Formula","$500/month","https://www.skool.com/formula?ref=009cad01267c4da0ac6862ad898ae902","379"
"THE BLESSING","$5/month","https://www.skool.com/blessing?ref=009cad01267c4da0ac6862ad898ae902","81"
"The Virtual Bookkeeping Series","Free","https://www.skool.com/virtualbookkeepingseries?ref=009cad01267c4da0ac6862ad898ae902","67700"
"VSA Guardians","Free","https://www.skool.com/vsa-guardians?ref=009cad01267c4da0ac6862ad898ae902","88"
"Educated Meatheads","Free","https://www.skool.com/educatedmeatheads?ref=009cad01267c4da0ac6862ad898ae902","2700"
"10x Youtube","Free","https://www.skool.com/10x-youtube?ref=009cad01267c4da0ac6862ad898ae902","4100"
"The Somatic Academy by Soma+IQ","Free","https://www.skool.com/somaticrelease?ref=009cad01267c4da0ac6862ad898ae902","12300"
"InvestCEO with Kyle Henris","Free","https://www.skool.com/investceo-with-kyle-henris-4723?ref=009cad01267c4da0ac6862ad898ae902","38600"
"Christ Underground","Free","https://www.skool.com/christ?ref=009cad01267c4da0ac6862ad898ae902","6100"
"Facebook Ads Mastery","$147/month","https://www.skool.com/facebookads?ref=009cad01267c4da0ac6862ad898ae902","753"
"Vendingpreneurs","$999/month","https://www.skool.com/vendingpreneurs-2122?ref=009cad01267c4da0ac6862ad898ae902","1600"
"Ultimate Branding Course","Free","https://www.skool.com/ubc?ref=009cad01267c4da0ac6862ad898ae902","57000"
"BIOHACKING HEROES 🦸‍♂️🦸‍♀️","Free","https://www.skool.com/biohackingheroes?ref=009cad01267c4da0ac6862ad898ae902","10700"
"Romayroh & Views For Income","$37/month","https://www.skool.com/views-for-income?ref=009cad01267c4da0ac6862ad898ae902","1600"
"Mastermind BootCamp","$149/month","https://www.skool.com/masteryourday?ref=009cad01267c4da0ac6862ad898ae902","25"
"Self-Improvement Challenge","Free","https://www.skool.com/bsg-4603?ref=009cad01267c4da0ac6862ad898ae902","7100"
"Anti Influencer Method™","Free","https://www.skool.com/prc-content-creators-club-5775?ref=009cad01267c4da0ac6862ad898ae902","2100"
"AI Experts Club","$47/month","https://www.skool.com/aiexpertsclub?ref=009cad01267c4da0ac6862ad898ae902","2200"
"Audio Artist Academy","$7/month","https://www.skool.com/audio-artist-academy?ref=009cad01267c4da0ac6862ad898ae902","1900"
"The Solopreneur Initiative","Free","https://www.skool.com/the-solopreneur-initiative?ref=009cad01267c4da0ac6862ad898ae902","2100"
"AI-Ker | Cộng đồng AI Sáng tạo","$5/month","https://www.skool.com/ai-ker-8924?ref=009cad01267c4da0ac6862ad898ae902","2100"
"Imperio Digital","$49/month","https://www.skool.com/imperio-digital?ref=009cad01267c4da0ac6862ad898ae902","593"
"Academia de fotografía","$19/month","https://www.skool.com/foto?ref=009cad01267c4da0ac6862ad898ae902","257"
"VSA Legends","Free","https://www.skool.com/vsa-legends?ref=009cad01267c4da0ac6862ad898ae902","101"
"Học Tiếng Anh Với Ethan","$33/month","https://www.skool.com/hoc-tieng-anh-voi-ethan?ref=009cad01267c4da0ac6862ad898ae902","465"
"The Third Place","Free","https://www.skool.com/wfpb-women-3114?ref=009cad01267c4da0ac6862ad898ae902","145"
"The school of life","$50/month","https://www.skool.com/the-school-of-life-3234?ref=009cad01267c4da0ac6862ad898ae902","90"
"School of Content Marketing","$98/month","https://www.skool.com/school-of-content-marketing-5537?ref=009cad01267c4da0ac6862ad898ae902","260"
"Liberty Politics Discussion","Free","https://www.skool.com/libertypolitics?ref=009cad01267c4da0ac6862ad898ae902","2200"
"CLUES","Free","https://www.skool.com/clues?ref=009cad01267c4da0ac6862ad898ae902","117"
"Corbellic Art Studio","Free","https://www.skool.com/corbellic-studio-elite-8244?ref=009cad01267c4da0ac6862ad898ae902","1200"
"LIBERTY ACADEMY - UNIVERSITY","Free","https://www.skool.com/liberty-academy-game-changer?ref=009cad01267c4da0ac6862ad898ae902","581"
"PostGraduate Academy","Free","https://www.skool.com/postgraduate-academy-7355?ref=009cad01267c4da0ac6862ad898ae902","4700"
"Jail Support Sisterhood Pro","$9/month","https://www.skool.com/jail-wife-coach-community-3862?ref=009cad01267c4da0ac6862ad898ae902","99"
"InvestCEO Boardroom","$2,500/year","https://www.skool.com/100-days-to-freedom-journey-3715?ref=009cad01267c4da0ac6862ad898ae902","979"
"The Content Revenue Lab","Free","https://www.skool.com/content-revenue-lab-4761?ref=009cad01267c4da0ac6862ad898ae902","332"
"Make Money on Skool","$3/month","https://www.skool.com/skool-coaching-classes-7316?ref=009cad01267c4da0ac6862ad898ae902","113"
"Dispatcher University (Free)","Free","https://www.skool.com/gill22?ref=009cad01267c4da0ac6862ad898ae902","14300"
"Private Label Masters - VIP","$250/month","https://www.skool.com/privatelabel?ref=009cad01267c4da0ac6862ad898ae902","733"
"SheLeads Academy 2.0 🌟","$109","https://www.skool.com/she-leads?ref=009cad01267c4da0ac6862ad898ae902","150"
"Income Trader Alliance","$7,995","https://www.skool.com/incometraderalliance?ref=009cad01267c4da0ac6862ad898ae902","494"
"Earn, Invest, Be Free","$39/month","https://www.skool.com/iderbat?ref=009cad01267c4da0ac6862ad898ae902","918"
"Hacking the IELTS with ChatGPT","$10,000/month","https://www.skool.com/hacking-the-ielts-in-2025-6802?ref=009cad01267c4da0ac6862ad898ae902","1000"
"Sketch Like an Architect","Free","https://www.skool.com/sketch-like-an-architect?ref=009cad01267c4da0ac6862ad898ae902","2900"
"Ecomliberty","Free","https://www.skool.com/ecomliberty-8960?ref=009cad01267c4da0ac6862ad898ae902","39600"
"Ecom Viking","Free","https://www.skool.com/ecom-viking?ref=009cad01267c4da0ac6862ad898ae902","8800"
"BrandCollab Latino","$39/month","https://www.skool.com/brandcollab-latino-5292?ref=009cad01267c4da0ac6862ad898ae902","553"
"Lifestyle Foundr Group™","Free","https://www.skool.com/lfg?ref=009cad01267c4da0ac6862ad898ae902","9000"
"Hope Nation","Free","https://www.skool.com/hopenation?ref=009cad01267c4da0ac6862ad898ae902","1400"
"Limitless Training","Free","https://www.skool.com/limitless-training?ref=009cad01267c4da0ac6862ad898ae902","3400"
"The Menopause Lab","Free","https://www.skool.com/the-menopause-lab?ref=009cad01267c4da0ac6862ad898ae902","50400"
"La Universidad del Apostador","$27/month","https://www.skool.com/la-universidad-del-apostador?ref=009cad01267c4da0ac6862ad898ae902","569"
"Taukinglish.com","$20/month","https://www.skool.com/taukinglish-7349?ref=009cad01267c4da0ac6862ad898ae902","115"
"Sales Systems Mastery","$89/month","https://www.skool.com/ssmasters?ref=009cad01267c4da0ac6862ad898ae902","303"
"Instagram Accelerator","Free","https://www.skool.com/fib?ref=009cad01267c4da0ac6862ad898ae902","42000"
"Appointment Setting","Free","https://www.skool.com/appointment-setting-community?ref=009cad01267c4da0ac6862ad898ae902","5400"
"AI Masters Community with Ed","Free","https://www.skool.com/ai-masters-community?ref=009cad01267c4da0ac6862ad898ae902","11000"
"Six-Figure Copy Academy","$119/month","https://www.skool.com/sixfigurecopyacademy?ref=009cad01267c4da0ac6862ad898ae902","102"
"La Tribu del Despertar","$29/month","https://www.skool.com/la-tribu-del-despertar-1330?ref=009cad01267c4da0ac6862ad898ae902","96"
"ONA Basecamp","$10/month","https://www.skool.com/ona-basecamp?ref=009cad01267c4da0ac6862ad898ae902","125"
"The Ghost Family","Free","https://www.skool.com/the-ghost-family-1230?ref=009cad01267c4da0ac6862ad898ae902","245"
"Roulette Profitable","Free","https://www.skool.com/roulette-rentable-jj?ref=009cad01267c4da0ac6862ad898ae902","173"
"Sobriety Seven Women","$97/month","https://www.skool.com/sobriety-seven-7269?ref=009cad01267c4da0ac6862ad898ae902","90"
"She Attracts Business","$99/month","https://www.skool.com/she-attracts-business?ref=009cad01267c4da0ac6862ad898ae902","684"
"Critical Thinking Classroom","$149/month","https://www.skool.com/critical-thinking-classroom-7644?ref=009cad01267c4da0ac6862ad898ae902","300"
"Craft & Connect","Free","https://www.skool.com/craft-and-connect?ref=009cad01267c4da0ac6862ad898ae902","1300"
"Successful Students","Free","https://www.skool.com/successful-students-5280?ref=009cad01267c4da0ac6862ad898ae902","8700"
"Vegan Squad Community","$99/month","https://www.skool.com/vegan-squad?ref=009cad01267c4da0ac6862ad898ae902","214"
"Alive Poets Society✍🔥","Free","https://www.skool.com/dead-poets-society-5071?ref=009cad01267c4da0ac6862ad898ae902","1500"
"ONLINE WEALTH ACADEMY","Free","https://www.skool.com/online-wealth-academy-home?ref=009cad01267c4da0ac6862ad898ae902","10400"
"John’s English Skool","Free","https://www.skool.com/johns-english-skool-3297?ref=009cad01267c4da0ac6862ad898ae902","165"
"Academia Handstander","$33/month","https://www.skool.com/academia-handstander?ref=009cad01267c4da0ac6862ad898ae902","231"
"Running Drummer LCG","$1/month","https://www.skool.com/running-drummer-lcg-6938?ref=009cad01267c4da0ac6862ad898ae902","152"
"Snipe University","$97/month","https://www.skool.com/sniper-society?ref=009cad01267c4da0ac6862ad898ae902","649"
"12x Community","Free","https://www.skool.com/12x-community?ref=009cad01267c4da0ac6862ad898ae902","242"
"Breakthrough Elites - Core","$97/month","https://www.skool.com/bte?ref=009cad01267c4da0ac6862ad898ae902","113"
"IA MAKERS","$59/month","https://www.skool.com/ia-makers?ref=009cad01267c4da0ac6862ad898ae902","2900"
"Mellovator Fam University","$9/month","https://www.skool.com/mfu?ref=009cad01267c4da0ac6862ad898ae902","194"
"Advertise Your Skool","Free","https://www.skool.com/advertise-your-skool-6625?ref=009cad01267c4da0ac6862ad898ae902","143"
"Merkle Entrepreneurs","Free","https://www.skool.com/merkle-entrepreneurs-6992?ref=009cad01267c4da0ac6862ad898ae902","1400"
"Male Commitment Decoded","Free","https://www.skool.com/male-commitment-decoded?ref=009cad01267c4da0ac6862ad898ae902","74"
"Pure Life Mindset","Free","https://www.skool.com/purelifemindset?ref=009cad01267c4da0ac6862ad898ae902","1700"
"Creator Club","$45/month","https://www.skool.com/creator-club?ref=009cad01267c4da0ac6862ad898ae902","194"
"Trading Tribe","$1/month","https://www.skool.com/tradingtribe?ref=009cad01267c4da0ac6862ad898ae902","26800"
"30 Day Challengers","Free","https://www.skool.com/30daychallengers?ref=009cad01267c4da0ac6862ad898ae902","127"